acquisition_channel,registration_month,months_since_registration,retained_users,cohort_channel_size,Acquisition Channel Legend
Organic,2023-01-01 00:00:00.000,0,84,722,Organic
Organic,2023-01-01 00:00:00.000,1,79,722,Organic
Organic,2023-01-01 00:00:00.000,2,98,722,Organic
Organic,2023-01-01 00:00:00.000,3,70,722,Organic
Organic,2023-01-01 00:00:00.000,4,75,722,Organic
Organic,2023-01-01 00:00:00.000,5,78,722,Organic
Organic,2023-01-01 00:00:00.000,6,91,722,Organic
Organic,2023-01-01 00:00:00.000,7,92,722,Organic
Organic,2023-01-01 00:00:00.000,8,79,722,Organic
Organic,2023-01-01 00:00:00.000,9,89,722,Organic
Organic,2023-01-01 00:00:00.000,10,77,722,Organic
Organic,2023-01-01 00:00:00.000,11,92,722,Organic
Organic,2023-01-01 00:00:00.000,12,72,722,Organic
Organic,2023-01-01 00:00:00.000,13,86,722,Organic
Organic,2023-01-01 00:00:00.000,14,90,722,Organic
Organic,2023-01-01 00:00:00.000,15,82,722,Organic
Organic,2023-01-01 00:00:00.000,16,71,722,Organic
Organic,2023-01-01 00:00:00.000,17,72,722,Organic
Organic,2023-01-01 00:00:00.000,18,69,722,Organic
Organic,2023-01-01 00:00:00.000,19,80,722,Organic
Organic,2023-01-01 00:00:00.000,20,75,722,Organic
Organic,2023-01-01 00:00:00.000,21,73,722,Organic
Organic,2023-01-01 00:00:00.000,22,64,722,Organic
Organic,2023-01-01 00:00:00.000,23,87,722,Organic
Organic,2023-02-01 00:00:00.000,0,67,602,Organic
Organic,2023-02-01 00:00:00.000,1,74,602,Organic
Organic,2023-02-01 00:00:00.000,2,63,602,Organic
Organic,2023-02-01 00:00:00.000,3,86,602,Organic
Organic,2023-02-01 00:00:00.000,4,64,602,Organic
Organic,2023-02-01 00:00:00.000,5,65,602,Organic
Organic,2023-02-01 00:00:00.000,6,70,602,Organic
Organic,2023-02-01 00:00:00.000,7,56,602,Organic
Organic,2023-02-01 00:00:00.000,8,70,602,Organic
Organic,2023-02-01 00:00:00.000,9,59,602,Organic
Organic,2023-02-01 00:00:00.000,10,63,602,Organic
Organic,2023-02-01 00:00:00.000,11,66,602,Organic
Organic,2023-02-01 00:00:00.000,12,57,602,Organic
Organic,2023-02-01 00:00:00.000,13,69,602,Organic
Organic,2023-02-01 00:00:00.000,14,70,602,Organic
Organic,2023-02-01 00:00:00.000,15,79,602,Organic
Organic,2023-02-01 00:00:00.000,16,69,602,Organic
Organic,2023-02-01 00:00:00.000,17,69,602,Organic
Organic,2023-02-01 00:00:00.000,18,62,602,Organic
Organic,2023-02-01 00:00:00.000,19,68,602,Organic
Organic,2023-02-01 00:00:00.000,20,72,602,Organic
Organic,2023-02-01 00:00:00.000,21,70,602,Organic
Organic,2023-02-01 00:00:00.000,22,58,602,Organic
Organic,2023-03-01 00:00:00.000,0,86,637,Organic
Organic,2023-03-01 00:00:00.000,1,65,637,Organic
Organic,2023-03-01 00:00:00.000,2,71,637,Organic
Organic,2023-03-01 00:00:00.000,3,73,637,Organic
Organic,2023-03-01 00:00:00.000,4,68,637,Organic
Organic,2023-03-01 00:00:00.000,5,63,637,Organic
Organic,2023-03-01 00:00:00.000,6,85,637,Organic
Organic,2023-03-01 00:00:00.000,7,74,637,Organic
Organic,2023-03-01 00:00:00.000,8,71,637,Organic
Organic,2023-03-01 00:00:00.000,9,59,637,Organic
Organic,2023-03-01 00:00:00.000,10,66,637,Organic
Organic,2023-03-01 00:00:00.000,11,62,637,Organic
Organic,2023-03-01 00:00:00.000,12,88,637,Organic
Organic,2023-03-01 00:00:00.000,13,70,637,Organic
Organic,2023-03-01 00:00:00.000,14,74,637,Organic
Organic,2023-03-01 00:00:00.000,15,80,637,Organic
Organic,2023-03-01 00:00:00.000,16,69,637,Organic
Organic,2023-03-01 00:00:00.000,17,73,637,Organic
Organic,2023-03-01 00:00:00.000,18,58,637,Organic
Organic,2023-03-01 00:00:00.000,19,68,637,Organic
Organic,2023-03-01 00:00:00.000,20,70,637,Organic
Organic,2023-03-01 00:00:00.000,21,65,637,Organic
Organic,2023-04-01 00:00:00.000,0,77,648,Organic
Organic,2023-04-01 00:00:00.000,1,74,648,Organic
Organic,2023-04-01 00:00:00.000,2,84,648,Organic
Organic,2023-04-01 00:00:00.000,3,80,648,Organic
Organic,2023-04-01 00:00:00.000,4,80,648,Organic
Organic,2023-04-01 00:00:00.000,5,64,648,Organic
Organic,2023-04-01 00:00:00.000,6,68,648,Organic
Organic,2023-04-01 00:00:00.000,7,71,648,Organic
Organic,2023-04-01 00:00:00.000,8,73,648,Organic
Organic,2023-04-01 00:00:00.000,9,85,648,Organic
Organic,2023-04-01 00:00:00.000,10,67,648,Organic
Organic,2023-04-01 00:00:00.000,11,63,648,Organic
Organic,2023-04-01 00:00:00.000,12,70,648,Organic
Organic,2023-04-01 00:00:00.000,13,80,648,Organic
Organic,2023-04-01 00:00:00.000,14,66,648,Organic
Organic,2023-04-01 00:00:00.000,15,66,648,Organic
Organic,2023-04-01 00:00:00.000,16,80,648,Organic
Organic,2023-04-01 00:00:00.000,17,79,648,Organic
Organic,2023-04-01 00:00:00.000,18,73,648,Organic
Organic,2023-04-01 00:00:00.000,19,75,648,Organic
Organic,2023-04-01 00:00:00.000,20,73,648,Organic
Organic,2023-05-01 00:00:00.000,0,75,676,Organic
Organic,2023-05-01 00:00:00.000,1,76,676,Organic
Organic,2023-05-01 00:00:00.000,2,90,676,Organic
Organic,2023-05-01 00:00:00.000,3,85,676,Organic
Organic,2023-05-01 00:00:00.000,4,64,676,Organic
Organic,2023-05-01 00:00:00.000,5,91,676,Organic
Organic,2023-05-01 00:00:00.000,6,82,676,Organic
Organic,2023-05-01 00:00:00.000,7,70,676,Organic
Organic,2023-05-01 00:00:00.000,8,72,676,Organic
Organic,2023-05-01 00:00:00.000,9,82,676,Organic
Organic,2023-05-01 00:00:00.000,10,80,676,Organic
Organic,2023-05-01 00:00:00.000,11,89,676,Organic
Organic,2023-05-01 00:00:00.000,12,88,676,Organic
Organic,2023-05-01 00:00:00.000,13,85,676,Organic
Organic,2023-05-01 00:00:00.000,14,69,676,Organic
Organic,2023-05-01 00:00:00.000,15,78,676,Organic
Organic,2023-05-01 00:00:00.000,16,72,676,Organic
Organic,2023-05-01 00:00:00.000,17,87,676,Organic
Organic,2023-05-01 00:00:00.000,18,73,676,Organic
Organic,2023-05-01 00:00:00.000,19,68,676,Organic
Organic,2023-06-01 00:00:00.000,0,77,667,Organic
Organic,2023-06-01 00:00:00.000,1,82,667,Organic
Organic,2023-06-01 00:00:00.000,2,82,667,Organic
Organic,2023-06-01 00:00:00.000,3,57,667,Organic
Organic,2023-06-01 00:00:00.000,4,86,667,Organic
Organic,2023-06-01 00:00:00.000,5,83,667,Organic
Organic,2023-06-01 00:00:00.000,6,94,667,Organic
Organic,2023-06-01 00:00:00.000,7,75,667,Organic
Organic,2023-06-01 00:00:00.000,8,79,667,Organic
Organic,2023-06-01 00:00:00.000,9,69,667,Organic
Organic,2023-06-01 00:00:00.000,10,66,667,Organic
Organic,2023-06-01 00:00:00.000,11,81,667,Organic
Organic,2023-06-01 00:00:00.000,12,79,667,Organic
Organic,2023-06-01 00:00:00.000,13,67,667,Organic
Organic,2023-06-01 00:00:00.000,14,76,667,Organic
Organic,2023-06-01 00:00:00.000,15,67,667,Organic
Organic,2023-06-01 00:00:00.000,16,83,667,Organic
Organic,2023-06-01 00:00:00.000,17,71,667,Organic
Organic,2023-06-01 00:00:00.000,18,69,667,Organic
Organic,2023-07-01 00:00:00.000,0,54,618,Organic
Organic,2023-07-01 00:00:00.000,1,84,618,Organic
Organic,2023-07-01 00:00:00.000,2,81,618,Organic
Organic,2023-07-01 00:00:00.000,3,70,618,Organic
Organic,2023-07-01 00:00:00.000,4,63,618,Organic
Organic,2023-07-01 00:00:00.000,5,67,618,Organic
Organic,2023-07-01 00:00:00.000,6,55,618,Organic
Organic,2023-07-01 00:00:00.000,7,56,618,Organic
Organic,2023-07-01 00:00:00.000,8,66,618,Organic
Organic,2023-07-01 00:00:00.000,9,71,618,Organic
Organic,2023-07-01 00:00:00.000,10,78,618,Organic
Organic,2023-07-01 00:00:00.000,11,69,618,Organic
Organic,2023-07-01 00:00:00.000,12,63,618,Organic
Organic,2023-07-01 00:00:00.000,13,70,618,Organic
Organic,2023-07-01 00:00:00.000,14,68,618,Organic
Organic,2023-07-01 00:00:00.000,15,75,618,Organic
Organic,2023-07-01 00:00:00.000,16,66,618,Organic
Organic,2023-07-01 00:00:00.000,17,79,618,Organic
Organic,2023-08-01 00:00:00.000,0,73,649,Organic
Organic,2023-08-01 00:00:00.000,1,77,649,Organic
Organic,2023-08-01 00:00:00.000,2,67,649,Organic
Organic,2023-08-01 00:00:00.000,3,71,649,Organic
Organic,2023-08-01 00:00:00.000,4,74,649,Organic
Organic,2023-08-01 00:00:00.000,5,76,649,Organic
Organic,2023-08-01 00:00:00.000,6,67,649,Organic
Organic,2023-08-01 00:00:00.000,7,72,649,Organic
Organic,2023-08-01 00:00:00.000,8,71,649,Organic
Organic,2023-08-01 00:00:00.000,9,89,649,Organic
Organic,2023-08-01 00:00:00.000,10,77,649,Organic
Organic,2023-08-01 00:00:00.000,11,72,649,Organic
Organic,2023-08-01 00:00:00.000,12,78,649,Organic
Organic,2023-08-01 00:00:00.000,13,81,649,Organic
Organic,2023-08-01 00:00:00.000,14,68,649,Organic
Organic,2023-08-01 00:00:00.000,15,67,649,Organic
Organic,2023-08-01 00:00:00.000,16,81,649,Organic
Organic,2023-09-01 00:00:00.000,0,69,664,Organic
Organic,2023-09-01 00:00:00.000,1,74,664,Organic
Organic,2023-09-01 00:00:00.000,2,58,664,Organic
Organic,2023-09-01 00:00:00.000,3,74,664,Organic
Organic,2023-09-01 00:00:00.000,4,79,664,Organic
Organic,2023-09-01 00:00:00.000,5,79,664,Organic
Organic,2023-09-01 00:00:00.000,6,76,664,Organic
Organic,2023-09-01 00:00:00.000,7,74,664,Organic
Organic,2023-09-01 00:00:00.000,8,85,664,Organic
Organic,2023-09-01 00:00:00.000,9,77,664,Organic
Organic,2023-09-01 00:00:00.000,10,71,664,Organic
Organic,2023-09-01 00:00:00.000,11,72,664,Organic
Organic,2023-09-01 00:00:00.000,12,64,664,Organic
Organic,2023-09-01 00:00:00.000,13,73,664,Organic
Organic,2023-09-01 00:00:00.000,14,94,664,Organic
Organic,2023-09-01 00:00:00.000,15,74,664,Organic
Organic,2023-10-01 00:00:00.000,0,85,703,Organic
Organic,2023-10-01 00:00:00.000,1,69,703,Organic
Organic,2023-10-01 00:00:00.000,2,88,703,Organic
Organic,2023-10-01 00:00:00.000,3,83,703,Organic
Organic,2023-10-01 00:00:00.000,4,85,703,Organic
Organic,2023-10-01 00:00:00.000,5,67,703,Organic
Organic,2023-10-01 00:00:00.000,6,70,703,Organic
Organic,2023-10-01 00:00:00.000,7,86,703,Organic
Organic,2023-10-01 00:00:00.000,8,77,703,Organic
Organic,2023-10-01 00:00:00.000,9,85,703,Organic
Organic,2023-10-01 00:00:00.000,10,72,703,Organic
Organic,2023-10-01 00:00:00.000,11,88,703,Organic
Organic,2023-10-01 00:00:00.000,12,74,703,Organic
Organic,2023-10-01 00:00:00.000,13,86,703,Organic
Organic,2023-10-01 00:00:00.000,14,81,703,Organic
Organic,2023-11-01 00:00:00.000,0,83,642,Organic
Organic,2023-11-01 00:00:00.000,1,71,642,Organic
Organic,2023-11-01 00:00:00.000,2,93,642,Organic
Organic,2023-11-01 00:00:00.000,3,56,642,Organic
Organic,2023-11-01 00:00:00.000,4,76,642,Organic
Organic,2023-11-01 00:00:00.000,5,79,642,Organic
Organic,2023-11-01 00:00:00.000,6,69,642,Organic
Organic,2023-11-01 00:00:00.000,7,63,642,Organic
Organic,2023-11-01 00:00:00.000,8,68,642,Organic
Organic,2023-11-01 00:00:00.000,9,88,642,Organic
Organic,2023-11-01 00:00:00.000,10,69,642,Organic
Organic,2023-11-01 00:00:00.000,11,52,642,Organic
Organic,2023-11-01 00:00:00.000,12,78,642,Organic
Organic,2023-11-01 00:00:00.000,13,68,642,Organic
Organic,2023-12-01 00:00:00.000,0,89,696,Organic
Organic,2023-12-01 00:00:00.000,1,73,696,Organic
Organic,2023-12-01 00:00:00.000,2,66,696,Organic
Organic,2023-12-01 00:00:00.000,3,79,696,Organic
Organic,2023-12-01 00:00:00.000,4,80,696,Organic
Organic,2023-12-01 00:00:00.000,5,78,696,Organic
Organic,2023-12-01 00:00:00.000,6,87,696,Organic
Organic,2023-12-01 00:00:00.000,7,67,696,Organic
Organic,2023-12-01 00:00:00.000,8,84,696,Organic
Organic,2023-12-01 00:00:00.000,9,84,696,Organic
Organic,2023-12-01 00:00:00.000,10,75,696,Organic
Organic,2023-12-01 00:00:00.000,11,73,696,Organic
Organic,2023-12-01 00:00:00.000,12,75,696,Organic
Organic,2024-01-01 00:00:00.000,0,67,695,Organic
Organic,2024-01-01 00:00:00.000,1,63,695,Organic
Organic,2024-01-01 00:00:00.000,2,81,695,Organic
Organic,2024-01-01 00:00:00.000,3,86,695,Organic
Organic,2024-01-01 00:00:00.000,4,77,695,Organic
Organic,2024-01-01 00:00:00.000,5,86,695,Organic
Organic,2024-01-01 00:00:00.000,6,74,695,Organic
Organic,2024-01-01 00:00:00.000,7,83,695,Organic
Organic,2024-01-01 00:00:00.000,8,63,695,Organic
Organic,2024-01-01 00:00:00.000,9,75,695,Organic
Organic,2024-01-01 00:00:00.000,10,67,695,Organic
Organic,2024-01-01 00:00:00.000,11,78,695,Organic
Organic,2024-02-01 00:00:00.000,0,70,606,Organic
Organic,2024-02-01 00:00:00.000,1,61,606,Organic
Organic,2024-02-01 00:00:00.000,2,70,606,Organic
Organic,2024-02-01 00:00:00.000,3,64,606,Organic
Organic,2024-02-01 00:00:00.000,4,65,606,Organic
Organic,2024-02-01 00:00:00.000,5,67,606,Organic
Organic,2024-02-01 00:00:00.000,6,67,606,Organic
Organic,2024-02-01 00:00:00.000,7,85,606,Organic
Organic,2024-02-01 00:00:00.000,8,71,606,Organic
Organic,2024-02-01 00:00:00.000,9,71,606,Organic
Organic,2024-02-01 00:00:00.000,10,68,606,Organic
Organic,2024-03-01 00:00:00.000,0,82,644,Organic
Organic,2024-03-01 00:00:00.000,1,73,644,Organic
Organic,2024-03-01 00:00:00.000,2,73,644,Organic
Organic,2024-03-01 00:00:00.000,3,80,644,Organic
Organic,2024-03-01 00:00:00.000,4,81,644,Organic
Organic,2024-03-01 00:00:00.000,5,68,644,Organic
Organic,2024-03-01 00:00:00.000,6,71,644,Organic
Organic,2024-03-01 00:00:00.000,7,73,644,Organic
Organic,2024-03-01 00:00:00.000,8,59,644,Organic
Organic,2024-03-01 00:00:00.000,9,69,644,Organic
Organic,2024-04-01 00:00:00.000,0,80,632,Organic
Organic,2024-04-01 00:00:00.000,1,72,632,Organic
Organic,2024-04-01 00:00:00.000,2,67,632,Organic
Organic,2024-04-01 00:00:00.000,3,97,632,Organic
Organic,2024-04-01 00:00:00.000,4,78,632,Organic
Organic,2024-04-01 00:00:00.000,5,67,632,Organic
Organic,2024-04-01 00:00:00.000,6,68,632,Organic
Organic,2024-04-01 00:00:00.000,7,81,632,Organic
Organic,2024-04-01 00:00:00.000,8,75,632,Organic
Organic,2024-05-01 00:00:00.000,0,64,664,Organic
Organic,2024-05-01 00:00:00.000,1,80,664,Organic
Organic,2024-05-01 00:00:00.000,2,54,664,Organic
Organic,2024-05-01 00:00:00.000,3,68,664,Organic
Organic,2024-05-01 00:00:00.000,4,78,664,Organic
Organic,2024-05-01 00:00:00.000,5,78,664,Organic
Organic,2024-05-01 00:00:00.000,6,91,664,Organic
Organic,2024-05-01 00:00:00.000,7,68,664,Organic
Organic,2024-06-01 00:00:00.000,0,54,655,Organic
Organic,2024-06-01 00:00:00.000,1,73,655,Organic
Organic,2024-06-01 00:00:00.000,2,75,655,Organic
Organic,2024-06-01 00:00:00.000,3,76,655,Organic
Organic,2024-06-01 00:00:00.000,4,76,655,Organic
Organic,2024-06-01 00:00:00.000,5,69,655,Organic
Organic,2024-06-01 00:00:00.000,6,74,655,Organic
Organic,2024-07-01 00:00:00.000,0,74,699,Organic
Organic,2024-07-01 00:00:00.000,1,81,699,Organic
Organic,2024-07-01 00:00:00.000,2,55,699,Organic
Organic,2024-07-01 00:00:00.000,3,95,699,Organic
Organic,2024-07-01 00:00:00.000,4,99,699,Organic
Organic,2024-07-01 00:00:00.000,5,77,699,Organic
Organic,2024-08-01 00:00:00.000,0,76,637,Organic
Organic,2024-08-01 00:00:00.000,1,70,637,Organic
Organic,2024-08-01 00:00:00.000,2,79,637,Organic
Organic,2024-08-01 00:00:00.000,3,79,637,Organic
Organic,2024-08-01 00:00:00.000,4,70,637,Organic
Organic,2024-09-01 00:00:00.000,0,68,658,Organic
Organic,2024-09-01 00:00:00.000,1,66,658,Organic
Organic,2024-09-01 00:00:00.000,2,74,658,Organic
Organic,2024-09-01 00:00:00.000,3,76,658,Organic
Organic,2024-10-01 00:00:00.000,0,79,627,Organic
Organic,2024-10-01 00:00:00.000,1,68,627,Organic
Organic,2024-10-01 00:00:00.000,2,71,627,Organic
Organic,2024-11-01 00:00:00.000,0,94,655,Organic
Organic,2024-11-01 00:00:00.000,1,97,655,Organic
Organic,2024-12-01 00:00:00.000,0,80,657,Organic
Paid Ad,2023-01-01 00:00:00.000,0,57,501,Paid Ad
Paid Ad,2023-01-01 00:00:00.000,1,41,501,Paid Ad
Paid Ad,2023-01-01 00:00:00.000,2,46,501,Paid Ad
Paid Ad,2023-01-01 00:00:00.000,3,46,501,Paid Ad
Paid Ad,2023-01-01 00:00:00.000,4,58,501,Paid Ad
Paid Ad,2023-01-01 00:00:00.000,5,45,501,Paid Ad
Paid Ad,2023-01-01 00:00:00.000,6,47,501,Paid Ad
Paid Ad,2023-01-01 00:00:00.000,7,71,501,Paid Ad
Paid Ad,2023-01-01 00:00:00.000,8,50,501,Paid Ad
Paid Ad,2023-01-01 00:00:00.000,9,62,501,Paid Ad
Paid Ad,2023-01-01 00:00:00.000,10,51,501,Paid Ad
Paid Ad,2023-01-01 00:00:00.000,11,51,501,Paid Ad
Paid Ad,2023-01-01 00:00:00.000,12,67,501,Paid Ad
Paid Ad,2023-01-01 00:00:00.000,13,50,501,Paid Ad
Paid Ad,2023-01-01 00:00:00.000,14,55,501,Paid Ad
Paid Ad,2023-01-01 00:00:00.000,15,59,501,Paid Ad
Paid Ad,2023-01-01 00:00:00.000,16,61,501,Paid Ad
Paid Ad,2023-01-01 00:00:00.000,17,50,501,Paid Ad
Paid Ad,2023-01-01 00:00:00.000,18,53,501,Paid Ad
Paid Ad,2023-01-01 00:00:00.000,19,52,501,Paid Ad
Paid Ad,2023-01-01 00:00:00.000,20,62,501,Paid Ad
Paid Ad,2023-01-01 00:00:00.000,21,47,501,Paid Ad
Paid Ad,2023-01-01 00:00:00.000,22,63,501,Paid Ad
Paid Ad,2023-01-01 00:00:00.000,23,62,501,Paid Ad
Paid Ad,2023-02-01 00:00:00.000,0,53,477,Paid Ad
Paid Ad,2023-02-01 00:00:00.000,1,54,477,Paid Ad
Paid Ad,2023-02-01 00:00:00.000,2,54,477,Paid Ad
Paid Ad,2023-02-01 00:00:00.000,3,54,477,Paid Ad
Paid Ad,2023-02-01 00:00:00.000,4,60,477,Paid Ad
Paid Ad,2023-02-01 00:00:00.000,5,57,477,Paid Ad
Paid Ad,2023-02-01 00:00:00.000,6,54,477,Paid Ad
Paid Ad,2023-02-01 00:00:00.000,7,51,477,Paid Ad
Paid Ad,2023-02-01 00:00:00.000,8,52,477,Paid Ad
Paid Ad,2023-02-01 00:00:00.000,9,46,477,Paid Ad
Paid Ad,2023-02-01 00:00:00.000,10,50,477,Paid Ad
Paid Ad,2023-02-01 00:00:00.000,11,49,477,Paid Ad
Paid Ad,2023-02-01 00:00:00.000,12,43,477,Paid Ad
Paid Ad,2023-02-01 00:00:00.000,13,47,477,Paid Ad
Paid Ad,2023-02-01 00:00:00.000,14,39,477,Paid Ad
Paid Ad,2023-02-01 00:00:00.000,15,60,477,Paid Ad
Paid Ad,2023-02-01 00:00:00.000,16,48,477,Paid Ad
Paid Ad,2023-02-01 00:00:00.000,17,58,477,Paid Ad
Paid Ad,2023-02-01 00:00:00.000,18,49,477,Paid Ad
Paid Ad,2023-02-01 00:00:00.000,19,59,477,Paid Ad
Paid Ad,2023-02-01 00:00:00.000,20,47,477,Paid Ad
Paid Ad,2023-02-01 00:00:00.000,21,55,477,Paid Ad
Paid Ad,2023-02-01 00:00:00.000,22,50,477,Paid Ad
Paid Ad,2023-03-01 00:00:00.000,0,64,525,Paid Ad
Paid Ad,2023-03-01 00:00:00.000,1,62,525,Paid Ad
Paid Ad,2023-03-01 00:00:00.000,2,70,525,Paid Ad
Paid Ad,2023-03-01 00:00:00.000,3,57,525,Paid Ad
Paid Ad,2023-03-01 00:00:00.000,4,67,525,Paid Ad
Paid Ad,2023-03-01 00:00:00.000,5,64,525,Paid Ad
Paid Ad,2023-03-01 00:00:00.000,6,49,525,Paid Ad
Paid Ad,2023-03-01 00:00:00.000,7,71,525,Paid Ad
Paid Ad,2023-03-01 00:00:00.000,8,55,525,Paid Ad
Paid Ad,2023-03-01 00:00:00.000,9,60,525,Paid Ad
Paid Ad,2023-03-01 00:00:00.000,10,56,525,Paid Ad
Paid Ad,2023-03-01 00:00:00.000,11,56,525,Paid Ad
Paid Ad,2023-03-01 00:00:00.000,12,73,525,Paid Ad
Paid Ad,2023-03-01 00:00:00.000,13,59,525,Paid Ad
Paid Ad,2023-03-01 00:00:00.000,14,42,525,Paid Ad
Paid Ad,2023-03-01 00:00:00.000,15,68,525,Paid Ad
Paid Ad,2023-03-01 00:00:00.000,16,58,525,Paid Ad
Paid Ad,2023-03-01 00:00:00.000,17,57,525,Paid Ad
Paid Ad,2023-03-01 00:00:00.000,18,64,525,Paid Ad
Paid Ad,2023-03-01 00:00:00.000,19,54,525,Paid Ad
Paid Ad,2023-03-01 00:00:00.000,20,59,525,Paid Ad
Paid Ad,2023-03-01 00:00:00.000,21,63,525,Paid Ad
Paid Ad,2023-04-01 00:00:00.000,0,53,515,Paid Ad
Paid Ad,2023-04-01 00:00:00.000,1,64,515,Paid Ad
Paid Ad,2023-04-01 00:00:00.000,2,57,515,Paid Ad
Paid Ad,2023-04-01 00:00:00.000,3,59,515,Paid Ad
Paid Ad,2023-04-01 00:00:00.000,4,68,515,Paid Ad
Paid Ad,2023-04-01 00:00:00.000,5,49,515,Paid Ad
Paid Ad,2023-04-01 00:00:00.000,6,59,515,Paid Ad
Paid Ad,2023-04-01 00:00:00.000,7,55,515,Paid Ad
Paid Ad,2023-04-01 00:00:00.000,8,69,515,Paid Ad
Paid Ad,2023-04-01 00:00:00.000,9,48,515,Paid Ad
Paid Ad,2023-04-01 00:00:00.000,10,59,515,Paid Ad
Paid Ad,2023-04-01 00:00:00.000,11,66,515,Paid Ad
Paid Ad,2023-04-01 00:00:00.000,12,60,515,Paid Ad
Paid Ad,2023-04-01 00:00:00.000,13,60,515,Paid Ad
Paid Ad,2023-04-01 00:00:00.000,14,66,515,Paid Ad
Paid Ad,2023-04-01 00:00:00.000,15,64,515,Paid Ad
Paid Ad,2023-04-01 00:00:00.000,16,69,515,Paid Ad
Paid Ad,2023-04-01 00:00:00.000,17,57,515,Paid Ad
Paid Ad,2023-04-01 00:00:00.000,18,46,515,Paid Ad
Paid Ad,2023-04-01 00:00:00.000,19,59,515,Paid Ad
Paid Ad,2023-04-01 00:00:00.000,20,51,515,Paid Ad
Paid Ad,2023-05-01 00:00:00.000,0,69,535,Paid Ad
Paid Ad,2023-05-01 00:00:00.000,1,56,535,Paid Ad
Paid Ad,2023-05-01 00:00:00.000,2,69,535,Paid Ad
Paid Ad,2023-05-01 00:00:00.000,3,64,535,Paid Ad
Paid Ad,2023-05-01 00:00:00.000,4,55,535,Paid Ad
Paid Ad,2023-05-01 00:00:00.000,5,56,535,Paid Ad
Paid Ad,2023-05-01 00:00:00.000,6,47,535,Paid Ad
Paid Ad,2023-05-01 00:00:00.000,7,54,535,Paid Ad
Paid Ad,2023-05-01 00:00:00.000,8,82,535,Paid Ad
Paid Ad,2023-05-01 00:00:00.000,9,64,535,Paid Ad
Paid Ad,2023-05-01 00:00:00.000,10,58,535,Paid Ad
Paid Ad,2023-05-01 00:00:00.000,11,52,535,Paid Ad
Paid Ad,2023-05-01 00:00:00.000,12,64,535,Paid Ad
Paid Ad,2023-05-01 00:00:00.000,13,54,535,Paid Ad
Paid Ad,2023-05-01 00:00:00.000,14,68,535,Paid Ad
Paid Ad,2023-05-01 00:00:00.000,15,51,535,Paid Ad
Paid Ad,2023-05-01 00:00:00.000,16,61,535,Paid Ad
Paid Ad,2023-05-01 00:00:00.000,17,72,535,Paid Ad
Paid Ad,2023-05-01 00:00:00.000,18,48,535,Paid Ad
Paid Ad,2023-05-01 00:00:00.000,19,57,535,Paid Ad
Paid Ad,2023-06-01 00:00:00.000,0,56,471,Paid Ad
Paid Ad,2023-06-01 00:00:00.000,1,66,471,Paid Ad
Paid Ad,2023-06-01 00:00:00.000,2,54,471,Paid Ad
Paid Ad,2023-06-01 00:00:00.000,3,46,471,Paid Ad
Paid Ad,2023-06-01 00:00:00.000,4,57,471,Paid Ad
Paid Ad,2023-06-01 00:00:00.000,5,59,471,Paid Ad
Paid Ad,2023-06-01 00:00:00.000,6,56,471,Paid Ad
Paid Ad,2023-06-01 00:00:00.000,7,42,471,Paid Ad
Paid Ad,2023-06-01 00:00:00.000,8,51,471,Paid Ad
Paid Ad,2023-06-01 00:00:00.000,9,62,471,Paid Ad
Paid Ad,2023-06-01 00:00:00.000,10,55,471,Paid Ad
Paid Ad,2023-06-01 00:00:00.000,11,45,471,Paid Ad
Paid Ad,2023-06-01 00:00:00.000,12,55,471,Paid Ad
Paid Ad,2023-06-01 00:00:00.000,13,46,471,Paid Ad
Paid Ad,2023-06-01 00:00:00.000,14,47,471,Paid Ad
Paid Ad,2023-06-01 00:00:00.000,15,50,471,Paid Ad
Paid Ad,2023-06-01 00:00:00.000,16,51,471,Paid Ad
Paid Ad,2023-06-01 00:00:00.000,17,49,471,Paid Ad
Paid Ad,2023-06-01 00:00:00.000,18,39,471,Paid Ad
Paid Ad,2023-07-01 00:00:00.000,0,59,528,Paid Ad
Paid Ad,2023-07-01 00:00:00.000,1,69,528,Paid Ad
Paid Ad,2023-07-01 00:00:00.000,2,71,528,Paid Ad
Paid Ad,2023-07-01 00:00:00.000,3,52,528,Paid Ad
Paid Ad,2023-07-01 00:00:00.000,4,55,528,Paid Ad
Paid Ad,2023-07-01 00:00:00.000,5,80,528,Paid Ad
Paid Ad,2023-07-01 00:00:00.000,6,54,528,Paid Ad
Paid Ad,2023-07-01 00:00:00.000,7,58,528,Paid Ad
Paid Ad,2023-07-01 00:00:00.000,8,53,528,Paid Ad
Paid Ad,2023-07-01 00:00:00.000,9,62,528,Paid Ad
Paid Ad,2023-07-01 00:00:00.000,10,50,528,Paid Ad
Paid Ad,2023-07-01 00:00:00.000,11,58,528,Paid Ad
Paid Ad,2023-07-01 00:00:00.000,12,62,528,Paid Ad
Paid Ad,2023-07-01 00:00:00.000,13,58,528,Paid Ad
Paid Ad,2023-07-01 00:00:00.000,14,66,528,Paid Ad
Paid Ad,2023-07-01 00:00:00.000,15,67,528,Paid Ad
Paid Ad,2023-07-01 00:00:00.000,16,63,528,Paid Ad
Paid Ad,2023-07-01 00:00:00.000,17,65,528,Paid Ad
Paid Ad,2023-08-01 00:00:00.000,0,54,469,Paid Ad
Paid Ad,2023-08-01 00:00:00.000,1,50,469,Paid Ad
Paid Ad,2023-08-01 00:00:00.000,2,52,469,Paid Ad
Paid Ad,2023-08-01 00:00:00.000,3,54,469,Paid Ad
Paid Ad,2023-08-01 00:00:00.000,4,49,469,Paid Ad
Paid Ad,2023-08-01 00:00:00.000,5,47,469,Paid Ad
Paid Ad,2023-08-01 00:00:00.000,6,53,469,Paid Ad
Paid Ad,2023-08-01 00:00:00.000,7,54,469,Paid Ad
Paid Ad,2023-08-01 00:00:00.000,8,49,469,Paid Ad
Paid Ad,2023-08-01 00:00:00.000,9,47,469,Paid Ad
Paid Ad,2023-08-01 00:00:00.000,10,45,469,Paid Ad
Paid Ad,2023-08-01 00:00:00.000,11,60,469,Paid Ad
Paid Ad,2023-08-01 00:00:00.000,12,47,469,Paid Ad
Paid Ad,2023-08-01 00:00:00.000,13,59,469,Paid Ad
Paid Ad,2023-08-01 00:00:00.000,14,55,469,Paid Ad
Paid Ad,2023-08-01 00:00:00.000,15,50,469,Paid Ad
Paid Ad,2023-08-01 00:00:00.000,16,57,469,Paid Ad
Paid Ad,2023-09-01 00:00:00.000,0,49,504,Paid Ad
Paid Ad,2023-09-01 00:00:00.000,1,66,504,Paid Ad
Paid Ad,2023-09-01 00:00:00.000,2,57,504,Paid Ad
Paid Ad,2023-09-01 00:00:00.000,3,54,504,Paid Ad
Paid Ad,2023-09-01 00:00:00.000,4,59,504,Paid Ad
Paid Ad,2023-09-01 00:00:00.000,5,56,504,Paid Ad
Paid Ad,2023-09-01 00:00:00.000,6,64,504,Paid Ad
Paid Ad,2023-09-01 00:00:00.000,7,56,504,Paid Ad
Paid Ad,2023-09-01 00:00:00.000,8,59,504,Paid Ad
Paid Ad,2023-09-01 00:00:00.000,9,53,504,Paid Ad
Paid Ad,2023-09-01 00:00:00.000,10,44,504,Paid Ad
Paid Ad,2023-09-01 00:00:00.000,11,58,504,Paid Ad
Paid Ad,2023-09-01 00:00:00.000,12,43,504,Paid Ad
Paid Ad,2023-09-01 00:00:00.000,13,64,504,Paid Ad
Paid Ad,2023-09-01 00:00:00.000,14,56,504,Paid Ad
Paid Ad,2023-09-01 00:00:00.000,15,51,504,Paid Ad
Paid Ad,2023-10-01 00:00:00.000,0,60,538,Paid Ad
Paid Ad,2023-10-01 00:00:00.000,1,58,538,Paid Ad
Paid Ad,2023-10-01 00:00:00.000,2,58,538,Paid Ad
Paid Ad,2023-10-01 00:00:00.000,3,67,538,Paid Ad
Paid Ad,2023-10-01 00:00:00.000,4,58,538,Paid Ad
Paid Ad,2023-10-01 00:00:00.000,5,48,538,Paid Ad
Paid Ad,2023-10-01 00:00:00.000,6,68,538,Paid Ad
Paid Ad,2023-10-01 00:00:00.000,7,49,538,Paid Ad
Paid Ad,2023-10-01 00:00:00.000,8,56,538,Paid Ad
Paid Ad,2023-10-01 00:00:00.000,9,59,538,Paid Ad
Paid Ad,2023-10-01 00:00:00.000,10,51,538,Paid Ad
Paid Ad,2023-10-01 00:00:00.000,11,61,538,Paid Ad
Paid Ad,2023-10-01 00:00:00.000,12,56,538,Paid Ad
Paid Ad,2023-10-01 00:00:00.000,13,59,538,Paid Ad
Paid Ad,2023-10-01 00:00:00.000,14,71,538,Paid Ad
Paid Ad,2023-11-01 00:00:00.000,0,60,518,Paid Ad
Paid Ad,2023-11-01 00:00:00.000,1,57,518,Paid Ad
Paid Ad,2023-11-01 00:00:00.000,2,60,518,Paid Ad
Paid Ad,2023-11-01 00:00:00.000,3,61,518,Paid Ad
Paid Ad,2023-11-01 00:00:00.000,4,70,518,Paid Ad
Paid Ad,2023-11-01 00:00:00.000,5,67,518,Paid Ad
Paid Ad,2023-11-01 00:00:00.000,6,47,518,Paid Ad
Paid Ad,2023-11-01 00:00:00.000,7,53,518,Paid Ad
Paid Ad,2023-11-01 00:00:00.000,8,51,518,Paid Ad
Paid Ad,2023-11-01 00:00:00.000,9,68,518,Paid Ad
Paid Ad,2023-11-01 00:00:00.000,10,52,518,Paid Ad
Paid Ad,2023-11-01 00:00:00.000,11,52,518,Paid Ad
Paid Ad,2023-11-01 00:00:00.000,12,69,518,Paid Ad
Paid Ad,2023-11-01 00:00:00.000,13,53,518,Paid Ad
Paid Ad,2023-12-01 00:00:00.000,0,56,517,Paid Ad
Paid Ad,2023-12-01 00:00:00.000,1,57,517,Paid Ad
Paid Ad,2023-12-01 00:00:00.000,2,57,517,Paid Ad
Paid Ad,2023-12-01 00:00:00.000,3,51,517,Paid Ad
Paid Ad,2023-12-01 00:00:00.000,4,58,517,Paid Ad
Paid Ad,2023-12-01 00:00:00.000,5,48,517,Paid Ad
Paid Ad,2023-12-01 00:00:00.000,6,64,517,Paid Ad
Paid Ad,2023-12-01 00:00:00.000,7,52,517,Paid Ad
Paid Ad,2023-12-01 00:00:00.000,8,61,517,Paid Ad
Paid Ad,2023-12-01 00:00:00.000,9,57,517,Paid Ad
Paid Ad,2023-12-01 00:00:00.000,10,52,517,Paid Ad
Paid Ad,2023-12-01 00:00:00.000,11,56,517,Paid Ad
Paid Ad,2023-12-01 00:00:00.000,12,58,517,Paid Ad
Paid Ad,2024-01-01 00:00:00.000,0,59,547,Paid Ad
Paid Ad,2024-01-01 00:00:00.000,1,57,547,Paid Ad
Paid Ad,2024-01-01 00:00:00.000,2,62,547,Paid Ad
Paid Ad,2024-01-01 00:00:00.000,3,65,547,Paid Ad
Paid Ad,2024-01-01 00:00:00.000,4,74,547,Paid Ad
Paid Ad,2024-01-01 00:00:00.000,5,66,547,Paid Ad
Paid Ad,2024-01-01 00:00:00.000,6,68,547,Paid Ad
Paid Ad,2024-01-01 00:00:00.000,7,50,547,Paid Ad
Paid Ad,2024-01-01 00:00:00.000,8,62,547,Paid Ad
Paid Ad,2024-01-01 00:00:00.000,9,77,547,Paid Ad
Paid Ad,2024-01-01 00:00:00.000,10,60,547,Paid Ad
Paid Ad,2024-01-01 00:00:00.000,11,64,547,Paid Ad
Paid Ad,2024-02-01 00:00:00.000,0,50,470,Paid Ad
Paid Ad,2024-02-01 00:00:00.000,1,53,470,Paid Ad
Paid Ad,2024-02-01 00:00:00.000,2,38,470,Paid Ad
Paid Ad,2024-02-01 00:00:00.000,3,63,470,Paid Ad
Paid Ad,2024-02-01 00:00:00.000,4,45,470,Paid Ad
Paid Ad,2024-02-01 00:00:00.000,5,54,470,Paid Ad
Paid Ad,2024-02-01 00:00:00.000,6,61,470,Paid Ad
Paid Ad,2024-02-01 00:00:00.000,7,59,470,Paid Ad
Paid Ad,2024-02-01 00:00:00.000,8,61,470,Paid Ad
Paid Ad,2024-02-01 00:00:00.000,9,40,470,Paid Ad
Paid Ad,2024-02-01 00:00:00.000,10,46,470,Paid Ad
Paid Ad,2024-03-01 00:00:00.000,0,65,515,Paid Ad
Paid Ad,2024-03-01 00:00:00.000,1,76,515,Paid Ad
Paid Ad,2024-03-01 00:00:00.000,2,67,515,Paid Ad
Paid Ad,2024-03-01 00:00:00.000,3,67,515,Paid Ad
Paid Ad,2024-03-01 00:00:00.000,4,70,515,Paid Ad
Paid Ad,2024-03-01 00:00:00.000,5,68,515,Paid Ad
Paid Ad,2024-03-01 00:00:00.000,6,68,515,Paid Ad
Paid Ad,2024-03-01 00:00:00.000,7,58,515,Paid Ad
Paid Ad,2024-03-01 00:00:00.000,8,62,515,Paid Ad
Paid Ad,2024-03-01 00:00:00.000,9,59,515,Paid Ad
Paid Ad,2024-04-01 00:00:00.000,0,67,471,Paid Ad
Paid Ad,2024-04-01 00:00:00.000,1,76,471,Paid Ad
Paid Ad,2024-04-01 00:00:00.000,2,56,471,Paid Ad
Paid Ad,2024-04-01 00:00:00.000,3,49,471,Paid Ad
Paid Ad,2024-04-01 00:00:00.000,4,61,471,Paid Ad
Paid Ad,2024-04-01 00:00:00.000,5,54,471,Paid Ad
Paid Ad,2024-04-01 00:00:00.000,6,57,471,Paid Ad
Paid Ad,2024-04-01 00:00:00.000,7,52,471,Paid Ad
Paid Ad,2024-04-01 00:00:00.000,8,46,471,Paid Ad
Paid Ad,2024-05-01 00:00:00.000,0,56,506,Paid Ad
Paid Ad,2024-05-01 00:00:00.000,1,50,506,Paid Ad
Paid Ad,2024-05-01 00:00:00.000,2,58,506,Paid Ad
Paid Ad,2024-05-01 00:00:00.000,3,56,506,Paid Ad
Paid Ad,2024-05-01 00:00:00.000,4,56,506,Paid Ad
Paid Ad,2024-05-01 00:00:00.000,5,55,506,Paid Ad
Paid Ad,2024-05-01 00:00:00.000,6,50,506,Paid Ad
Paid Ad,2024-05-01 00:00:00.000,7,57,506,Paid Ad
Paid Ad,2024-06-01 00:00:00.000,0,49,504,Paid Ad
Paid Ad,2024-06-01 00:00:00.000,1,66,504,Paid Ad
Paid Ad,2024-06-01 00:00:00.000,2,65,504,Paid Ad
Paid Ad,2024-06-01 00:00:00.000,3,48,504,Paid Ad
Paid Ad,2024-06-01 00:00:00.000,4,53,504,Paid Ad
Paid Ad,2024-06-01 00:00:00.000,5,53,504,Paid Ad
Paid Ad,2024-06-01 00:00:00.000,6,53,504,Paid Ad
Paid Ad,2024-07-01 00:00:00.000,0,56,525,Paid Ad
Paid Ad,2024-07-01 00:00:00.000,1,64,525,Paid Ad
Paid Ad,2024-07-01 00:00:00.000,2,55,525,Paid Ad
Paid Ad,2024-07-01 00:00:00.000,3,63,525,Paid Ad
Paid Ad,2024-07-01 00:00:00.000,4,51,525,Paid Ad
Paid Ad,2024-07-01 00:00:00.000,5,51,525,Paid Ad
Paid Ad,2024-08-01 00:00:00.000,0,52,508,Paid Ad
Paid Ad,2024-08-01 00:00:00.000,1,57,508,Paid Ad
Paid Ad,2024-08-01 00:00:00.000,2,50,508,Paid Ad
Paid Ad,2024-08-01 00:00:00.000,3,51,508,Paid Ad
Paid Ad,2024-08-01 00:00:00.000,4,53,508,Paid Ad
Paid Ad,2024-09-01 00:00:00.000,0,65,535,Paid Ad
Paid Ad,2024-09-01 00:00:00.000,1,69,535,Paid Ad
Paid Ad,2024-09-01 00:00:00.000,2,58,535,Paid Ad
Paid Ad,2024-09-01 00:00:00.000,3,52,535,Paid Ad
Paid Ad,2024-10-01 00:00:00.000,0,54,509,Paid Ad
Paid Ad,2024-10-01 00:00:00.000,1,58,509,Paid Ad
Paid Ad,2024-10-01 00:00:00.000,2,61,509,Paid Ad
Paid Ad,2024-11-01 00:00:00.000,0,55,511,Paid Ad
Paid Ad,2024-11-01 00:00:00.000,1,64,511,Paid Ad
Paid Ad,2024-12-01 00:00:00.000,0,55,492,Paid Ad
Referral,2023-01-01 00:00:00.000,0,8,69,Referral
Referral,2023-01-01 00:00:00.000,1,8,69,Referral
Referral,2023-01-01 00:00:00.000,2,9,69,Referral
Referral,2023-01-01 00:00:00.000,3,11,69,Referral
Referral,2023-01-01 00:00:00.000,4,8,69,Referral
Referral,2023-01-01 00:00:00.000,5,7,69,Referral
Referral,2023-01-01 00:00:00.000,6,7,69,Referral
Referral,2023-01-01 00:00:00.000,7,6,69,Referral
Referral,2023-01-01 00:00:00.000,8,12,69,Referral
Referral,2023-01-01 00:00:00.000,9,4,69,Referral
Referral,2023-01-01 00:00:00.000,10,7,69,Referral
Referral,2023-01-01 00:00:00.000,11,3,69,Referral
Referral,2023-01-01 00:00:00.000,12,6,69,Referral
Referral,2023-01-01 00:00:00.000,13,7,69,Referral
Referral,2023-01-01 00:00:00.000,14,8,69,Referral
Referral,2023-01-01 00:00:00.000,15,11,69,Referral
Referral,2023-01-01 00:00:00.000,16,10,69,Referral
Referral,2023-01-01 00:00:00.000,17,6,69,Referral
Referral,2023-01-01 00:00:00.000,18,5,69,Referral
Referral,2023-01-01 00:00:00.000,19,6,69,Referral
Referral,2023-01-01 00:00:00.000,20,5,69,Referral
Referral,2023-01-01 00:00:00.000,21,2,69,Referral
Referral,2023-01-01 00:00:00.000,22,4,69,Referral
Referral,2023-01-01 00:00:00.000,23,6,69,Referral
Referral,2023-02-01 00:00:00.000,0,7,81,Referral
Referral,2023-02-01 00:00:00.000,1,13,81,Referral
Referral,2023-02-01 00:00:00.000,2,9,81,Referral
Referral,2023-02-01 00:00:00.000,3,13,81,Referral
Referral,2023-02-01 00:00:00.000,4,8,81,Referral
Referral,2023-02-01 00:00:00.000,5,11,81,Referral
Referral,2023-02-01 00:00:00.000,6,9,81,Referral
Referral,2023-02-01 00:00:00.000,7,13,81,Referral
Referral,2023-02-01 00:00:00.000,8,11,81,Referral
Referral,2023-02-01 00:00:00.000,9,6,81,Referral
Referral,2023-02-01 00:00:00.000,10,9,81,Referral
Referral,2023-02-01 00:00:00.000,11,6,81,Referral
Referral,2023-02-01 00:00:00.000,12,15,81,Referral
Referral,2023-02-01 00:00:00.000,13,10,81,Referral
Referral,2023-02-01 00:00:00.000,14,7,81,Referral
Referral,2023-02-01 00:00:00.000,15,4,81,Referral
Referral,2023-02-01 00:00:00.000,16,6,81,Referral
Referral,2023-02-01 00:00:00.000,17,8,81,Referral
Referral,2023-02-01 00:00:00.000,18,7,81,Referral
Referral,2023-02-01 00:00:00.000,19,11,81,Referral
Referral,2023-02-01 00:00:00.000,20,12,81,Referral
Referral,2023-02-01 00:00:00.000,21,7,81,Referral
Referral,2023-02-01 00:00:00.000,22,11,81,Referral
Referral,2023-03-01 00:00:00.000,0,7,79,Referral
Referral,2023-03-01 00:00:00.000,1,11,79,Referral
Referral,2023-03-01 00:00:00.000,2,9,79,Referral
Referral,2023-03-01 00:00:00.000,3,15,79,Referral
Referral,2023-03-01 00:00:00.000,4,8,79,Referral
Referral,2023-03-01 00:00:00.000,5,12,79,Referral
Referral,2023-03-01 00:00:00.000,6,8,79,Referral
Referral,2023-03-01 00:00:00.000,7,7,79,Referral
Referral,2023-03-01 00:00:00.000,8,10,79,Referral
Referral,2023-03-01 00:00:00.000,9,8,79,Referral
Referral,2023-03-01 00:00:00.000,10,7,79,Referral
Referral,2023-03-01 00:00:00.000,11,9,79,Referral
Referral,2023-03-01 00:00:00.000,12,7,79,Referral
Referral,2023-03-01 00:00:00.000,13,8,79,Referral
Referral,2023-03-01 00:00:00.000,14,3,79,Referral
Referral,2023-03-01 00:00:00.000,15,13,79,Referral
Referral,2023-03-01 00:00:00.000,16,8,79,Referral
Referral,2023-03-01 00:00:00.000,17,12,79,Referral
Referral,2023-03-01 00:00:00.000,18,4,79,Referral
Referral,2023-03-01 00:00:00.000,19,11,79,Referral
Referral,2023-03-01 00:00:00.000,20,9,79,Referral
Referral,2023-03-01 00:00:00.000,21,10,79,Referral
Referral,2023-04-01 00:00:00.000,0,8,83,Referral
Referral,2023-04-01 00:00:00.000,1,10,83,Referral
Referral,2023-04-01 00:00:00.000,2,11,83,Referral
Referral,2023-04-01 00:00:00.000,3,8,83,Referral
Referral,2023-04-01 00:00:00.000,4,7,83,Referral
Referral,2023-04-01 00:00:00.000,5,3,83,Referral
Referral,2023-04-01 00:00:00.000,6,4,83,Referral
Referral,2023-04-01 00:00:00.000,7,10,83,Referral
Referral,2023-04-01 00:00:00.000,8,10,83,Referral
Referral,2023-04-01 00:00:00.000,9,9,83,Referral
Referral,2023-04-01 00:00:00.000,10,9,83,Referral
Referral,2023-04-01 00:00:00.000,11,10,83,Referral
Referral,2023-04-01 00:00:00.000,12,14,83,Referral
Referral,2023-04-01 00:00:00.000,13,10,83,Referral
Referral,2023-04-01 00:00:00.000,14,7,83,Referral
Referral,2023-04-01 00:00:00.000,15,7,83,Referral
Referral,2023-04-01 00:00:00.000,16,8,83,Referral
Referral,2023-04-01 00:00:00.000,17,7,83,Referral
Referral,2023-04-01 00:00:00.000,18,9,83,Referral
Referral,2023-04-01 00:00:00.000,19,10,83,Referral
Referral,2023-04-01 00:00:00.000,20,9,83,Referral
Referral,2023-05-01 00:00:00.000,0,7,60,Referral
Referral,2023-05-01 00:00:00.000,1,11,60,Referral
Referral,2023-05-01 00:00:00.000,2,3,60,Referral
Referral,2023-05-01 00:00:00.000,3,4,60,Referral
Referral,2023-05-01 00:00:00.000,4,6,60,Referral
Referral,2023-05-01 00:00:00.000,5,4,60,Referral
Referral,2023-05-01 00:00:00.000,6,8,60,Referral
Referral,2023-05-01 00:00:00.000,7,8,60,Referral
Referral,2023-05-01 00:00:00.000,8,5,60,Referral
Referral,2023-05-01 00:00:00.000,9,9,60,Referral
Referral,2023-05-01 00:00:00.000,10,4,60,Referral
Referral,2023-05-01 00:00:00.000,11,9,60,Referral
Referral,2023-05-01 00:00:00.000,12,5,60,Referral
Referral,2023-05-01 00:00:00.000,13,5,60,Referral
Referral,2023-05-01 00:00:00.000,14,8,60,Referral
Referral,2023-05-01 00:00:00.000,15,6,60,Referral
Referral,2023-05-01 00:00:00.000,16,5,60,Referral
Referral,2023-05-01 00:00:00.000,17,2,60,Referral
Referral,2023-05-01 00:00:00.000,18,3,60,Referral
Referral,2023-05-01 00:00:00.000,19,5,60,Referral
Referral,2023-06-01 00:00:00.000,0,7,63,Referral
Referral,2023-06-01 00:00:00.000,1,4,63,Referral
Referral,2023-06-01 00:00:00.000,2,12,63,Referral
Referral,2023-06-01 00:00:00.000,3,6,63,Referral
Referral,2023-06-01 00:00:00.000,4,6,63,Referral
Referral,2023-06-01 00:00:00.000,5,5,63,Referral
Referral,2023-06-01 00:00:00.000,6,7,63,Referral
Referral,2023-06-01 00:00:00.000,7,8,63,Referral
Referral,2023-06-01 00:00:00.000,8,8,63,Referral
Referral,2023-06-01 00:00:00.000,9,11,63,Referral
Referral,2023-06-01 00:00:00.000,10,9,63,Referral
Referral,2023-06-01 00:00:00.000,11,6,63,Referral
Referral,2023-06-01 00:00:00.000,12,10,63,Referral
Referral,2023-06-01 00:00:00.000,13,10,63,Referral
Referral,2023-06-01 00:00:00.000,14,9,63,Referral
Referral,2023-06-01 00:00:00.000,15,11,63,Referral
Referral,2023-06-01 00:00:00.000,16,5,63,Referral
Referral,2023-06-01 00:00:00.000,17,5,63,Referral
Referral,2023-06-01 00:00:00.000,18,8,63,Referral
Referral,2023-07-01 00:00:00.000,0,7,88,Referral
Referral,2023-07-01 00:00:00.000,1,6,88,Referral
Referral,2023-07-01 00:00:00.000,2,16,88,Referral
Referral,2023-07-01 00:00:00.000,3,5,88,Referral
Referral,2023-07-01 00:00:00.000,4,15,88,Referral
Referral,2023-07-01 00:00:00.000,5,6,88,Referral
Referral,2023-07-01 00:00:00.000,6,10,88,Referral
Referral,2023-07-01 00:00:00.000,7,9,88,Referral
Referral,2023-07-01 00:00:00.000,8,6,88,Referral
Referral,2023-07-01 00:00:00.000,9,14,88,Referral
Referral,2023-07-01 00:00:00.000,10,10,88,Referral
Referral,2023-07-01 00:00:00.000,11,10,88,Referral
Referral,2023-07-01 00:00:00.000,12,6,88,Referral
Referral,2023-07-01 00:00:00.000,13,4,88,Referral
Referral,2023-07-01 00:00:00.000,14,7,88,Referral
Referral,2023-07-01 00:00:00.000,15,14,88,Referral
Referral,2023-07-01 00:00:00.000,16,8,88,Referral
Referral,2023-07-01 00:00:00.000,17,7,88,Referral
Referral,2023-08-01 00:00:00.000,0,12,80,Referral
Referral,2023-08-01 00:00:00.000,1,10,80,Referral
Referral,2023-08-01 00:00:00.000,2,8,80,Referral
Referral,2023-08-01 00:00:00.000,3,8,80,Referral
Referral,2023-08-01 00:00:00.000,4,8,80,Referral
Referral,2023-08-01 00:00:00.000,5,5,80,Referral
Referral,2023-08-01 00:00:00.000,6,9,80,Referral
Referral,2023-08-01 00:00:00.000,7,12,80,Referral
Referral,2023-08-01 00:00:00.000,8,10,80,Referral
Referral,2023-08-01 00:00:00.000,9,7,80,Referral
Referral,2023-08-01 00:00:00.000,10,7,80,Referral
Referral,2023-08-01 00:00:00.000,11,8,80,Referral
Referral,2023-08-01 00:00:00.000,12,10,80,Referral
Referral,2023-08-01 00:00:00.000,13,7,80,Referral
Referral,2023-08-01 00:00:00.000,14,6,80,Referral
Referral,2023-08-01 00:00:00.000,15,11,80,Referral
Referral,2023-08-01 00:00:00.000,16,9,80,Referral
Referral,2023-09-01 00:00:00.000,0,10,75,Referral
Referral,2023-09-01 00:00:00.000,1,12,75,Referral
Referral,2023-09-01 00:00:00.000,2,8,75,Referral
Referral,2023-09-01 00:00:00.000,3,7,75,Referral
Referral,2023-09-01 00:00:00.000,4,6,75,Referral
Referral,2023-09-01 00:00:00.000,5,8,75,Referral
Referral,2023-09-01 00:00:00.000,6,4,75,Referral
Referral,2023-09-01 00:00:00.000,7,12,75,Referral
Referral,2023-09-01 00:00:00.000,8,10,75,Referral
Referral,2023-09-01 00:00:00.000,9,12,75,Referral
Referral,2023-09-01 00:00:00.000,10,6,75,Referral
Referral,2023-09-01 00:00:00.000,11,5,75,Referral
Referral,2023-09-01 00:00:00.000,12,8,75,Referral
Referral,2023-09-01 00:00:00.000,13,6,75,Referral
Referral,2023-09-01 00:00:00.000,14,8,75,Referral
Referral,2023-09-01 00:00:00.000,15,8,75,Referral
Referral,2023-10-01 00:00:00.000,0,12,83,Referral
Referral,2023-10-01 00:00:00.000,1,3,83,Referral
Referral,2023-10-01 00:00:00.000,2,9,83,Referral
Referral,2023-10-01 00:00:00.000,3,13,83,Referral
Referral,2023-10-01 00:00:00.000,4,5,83,Referral
Referral,2023-10-01 00:00:00.000,5,7,83,Referral
Referral,2023-10-01 00:00:00.000,6,11,83,Referral
Referral,2023-10-01 00:00:00.000,7,7,83,Referral
Referral,2023-10-01 00:00:00.000,8,7,83,Referral
Referral,2023-10-01 00:00:00.000,9,9,83,Referral
Referral,2023-10-01 00:00:00.000,10,8,83,Referral
Referral,2023-10-01 00:00:00.000,11,6,83,Referral
Referral,2023-10-01 00:00:00.000,12,9,83,Referral
Referral,2023-10-01 00:00:00.000,13,9,83,Referral
Referral,2023-10-01 00:00:00.000,14,9,83,Referral
Referral,2023-11-01 00:00:00.000,0,8,71,Referral
Referral,2023-11-01 00:00:00.000,1,8,71,Referral
Referral,2023-11-01 00:00:00.000,2,10,71,Referral
Referral,2023-11-01 00:00:00.000,3,8,71,Referral
Referral,2023-11-01 00:00:00.000,4,8,71,Referral
Referral,2023-11-01 00:00:00.000,5,4,71,Referral
Referral,2023-11-01 00:00:00.000,6,9,71,Referral
Referral,2023-11-01 00:00:00.000,7,10,71,Referral
Referral,2023-11-01 00:00:00.000,8,5,71,Referral
Referral,2023-11-01 00:00:00.000,9,7,71,Referral
Referral,2023-11-01 00:00:00.000,10,5,71,Referral
Referral,2023-11-01 00:00:00.000,11,6,71,Referral
Referral,2023-11-01 00:00:00.000,12,6,71,Referral
Referral,2023-11-01 00:00:00.000,13,7,71,Referral
Referral,2023-12-01 00:00:00.000,0,11,92,Referral
Referral,2023-12-01 00:00:00.000,1,3,92,Referral
Referral,2023-12-01 00:00:00.000,2,12,92,Referral
Referral,2023-12-01 00:00:00.000,3,12,92,Referral
Referral,2023-12-01 00:00:00.000,4,11,92,Referral
Referral,2023-12-01 00:00:00.000,5,10,92,Referral
Referral,2023-12-01 00:00:00.000,6,13,92,Referral
Referral,2023-12-01 00:00:00.000,7,7,92,Referral
Referral,2023-12-01 00:00:00.000,8,8,92,Referral
Referral,2023-12-01 00:00:00.000,9,11,92,Referral
Referral,2023-12-01 00:00:00.000,10,8,92,Referral
Referral,2023-12-01 00:00:00.000,11,11,92,Referral
Referral,2023-12-01 00:00:00.000,12,14,92,Referral
Referral,2024-01-01 00:00:00.000,0,6,76,Referral
Referral,2024-01-01 00:00:00.000,1,8,76,Referral
Referral,2024-01-01 00:00:00.000,2,7,76,Referral
Referral,2024-01-01 00:00:00.000,3,7,76,Referral
Referral,2024-01-01 00:00:00.000,4,7,76,Referral
Referral,2024-01-01 00:00:00.000,5,7,76,Referral
Referral,2024-01-01 00:00:00.000,6,8,76,Referral
Referral,2024-01-01 00:00:00.000,7,9,76,Referral
Referral,2024-01-01 00:00:00.000,8,13,76,Referral
Referral,2024-01-01 00:00:00.000,9,8,76,Referral
Referral,2024-01-01 00:00:00.000,10,6,76,Referral
Referral,2024-01-01 00:00:00.000,11,6,76,Referral
Referral,2024-02-01 00:00:00.000,0,5,70,Referral
Referral,2024-02-01 00:00:00.000,1,5,70,Referral
Referral,2024-02-01 00:00:00.000,2,10,70,Referral
Referral,2024-02-01 00:00:00.000,3,8,70,Referral
Referral,2024-02-01 00:00:00.000,4,6,70,Referral
Referral,2024-02-01 00:00:00.000,5,4,70,Referral
Referral,2024-02-01 00:00:00.000,6,12,70,Referral
Referral,2024-02-01 00:00:00.000,7,9,70,Referral
Referral,2024-02-01 00:00:00.000,8,5,70,Referral
Referral,2024-02-01 00:00:00.000,9,6,70,Referral
Referral,2024-02-01 00:00:00.000,10,7,70,Referral
Referral,2024-03-01 00:00:00.000,0,4,68,Referral
Referral,2024-03-01 00:00:00.000,1,9,68,Referral
Referral,2024-03-01 00:00:00.000,2,8,68,Referral
Referral,2024-03-01 00:00:00.000,3,7,68,Referral
Referral,2024-03-01 00:00:00.000,4,8,68,Referral
Referral,2024-03-01 00:00:00.000,5,6,68,Referral
Referral,2024-03-01 00:00:00.000,6,3,68,Referral
Referral,2024-03-01 00:00:00.000,7,9,68,Referral
Referral,2024-03-01 00:00:00.000,8,10,68,Referral
Referral,2024-03-01 00:00:00.000,9,5,68,Referral
Referral,2024-04-01 00:00:00.000,0,9,69,Referral
Referral,2024-04-01 00:00:00.000,1,6,69,Referral
Referral,2024-04-01 00:00:00.000,2,11,69,Referral
Referral,2024-04-01 00:00:00.000,3,9,69,Referral
Referral,2024-04-01 00:00:00.000,4,5,69,Referral
Referral,2024-04-01 00:00:00.000,5,9,69,Referral
Referral,2024-04-01 00:00:00.000,6,9,69,Referral
Referral,2024-04-01 00:00:00.000,7,11,69,Referral
Referral,2024-04-01 00:00:00.000,8,7,69,Referral
Referral,2024-05-01 00:00:00.000,0,4,78,Referral
Referral,2024-05-01 00:00:00.000,1,9,78,Referral
Referral,2024-05-01 00:00:00.000,2,10,78,Referral
Referral,2024-05-01 00:00:00.000,3,11,78,Referral
Referral,2024-05-01 00:00:00.000,4,11,78,Referral
Referral,2024-05-01 00:00:00.000,5,7,78,Referral
Referral,2024-05-01 00:00:00.000,6,11,78,Referral
Referral,2024-05-01 00:00:00.000,7,10,78,Referral
Referral,2024-06-01 00:00:00.000,0,10,64,Referral
Referral,2024-06-01 00:00:00.000,1,11,64,Referral
Referral,2024-06-01 00:00:00.000,2,6,64,Referral
Referral,2024-06-01 00:00:00.000,3,5,64,Referral
Referral,2024-06-01 00:00:00.000,4,8,64,Referral
Referral,2024-06-01 00:00:00.000,5,9,64,Referral
Referral,2024-06-01 00:00:00.000,6,8,64,Referral
Referral,2024-07-01 00:00:00.000,0,14,81,Referral
Referral,2024-07-01 00:00:00.000,1,11,81,Referral
Referral,2024-07-01 00:00:00.000,2,6,81,Referral
Referral,2024-07-01 00:00:00.000,3,10,81,Referral
Referral,2024-07-01 00:00:00.000,4,8,81,Referral
Referral,2024-07-01 00:00:00.000,5,10,81,Referral
Referral,2024-08-01 00:00:00.000,0,9,77,Referral
Referral,2024-08-01 00:00:00.000,1,7,77,Referral
Referral,2024-08-01 00:00:00.000,2,4,77,Referral
Referral,2024-08-01 00:00:00.000,3,11,77,Referral
Referral,2024-08-01 00:00:00.000,4,13,77,Referral
Referral,2024-09-01 00:00:00.000,0,5,52,Referral
Referral,2024-09-01 00:00:00.000,1,6,52,Referral
Referral,2024-09-01 00:00:00.000,2,8,52,Referral
Referral,2024-09-01 00:00:00.000,3,7,52,Referral
Referral,2024-10-01 00:00:00.000,0,8,83,Referral
Referral,2024-10-01 00:00:00.000,1,12,83,Referral
Referral,2024-10-01 00:00:00.000,2,7,83,Referral
Referral,2024-11-01 00:00:00.000,0,11,66,Referral
Referral,2024-11-01 00:00:00.000,1,6,66,Referral
Referral,2024-12-01 00:00:00.000,0,7,87,Referral
Social Media,2023-01-01 00:00:00.000,0,27,220,Social Media
Social Media,2023-01-01 00:00:00.000,1,23,220,Social Media
Social Media,2023-01-01 00:00:00.000,2,30,220,Social Media
Social Media,2023-01-01 00:00:00.000,3,26,220,Social Media
Social Media,2023-01-01 00:00:00.000,4,30,220,Social Media
Social Media,2023-01-01 00:00:00.000,5,22,220,Social Media
Social Media,2023-01-01 00:00:00.000,6,28,220,Social Media
Social Media,2023-01-01 00:00:00.000,7,28,220,Social Media
Social Media,2023-01-01 00:00:00.000,8,26,220,Social Media
Social Media,2023-01-01 00:00:00.000,9,20,220,Social Media
Social Media,2023-01-01 00:00:00.000,10,22,220,Social Media
Social Media,2023-01-01 00:00:00.000,11,21,220,Social Media
Social Media,2023-01-01 00:00:00.000,12,23,220,Social Media
Social Media,2023-01-01 00:00:00.000,13,25,220,Social Media
Social Media,2023-01-01 00:00:00.000,14,33,220,Social Media
Social Media,2023-01-01 00:00:00.000,15,20,220,Social Media
Social Media,2023-01-01 00:00:00.000,16,22,220,Social Media
Social Media,2023-01-01 00:00:00.000,17,28,220,Social Media
Social Media,2023-01-01 00:00:00.000,18,30,220,Social Media
Social Media,2023-01-01 00:00:00.000,19,18,220,Social Media
Social Media,2023-01-01 00:00:00.000,20,22,220,Social Media
Social Media,2023-01-01 00:00:00.000,21,35,220,Social Media
Social Media,2023-01-01 00:00:00.000,22,20,220,Social Media
Social Media,2023-01-01 00:00:00.000,23,21,220,Social Media
Social Media,2023-02-01 00:00:00.000,0,23,185,Social Media
Social Media,2023-02-01 00:00:00.000,1,25,185,Social Media
Social Media,2023-02-01 00:00:00.000,2,12,185,Social Media
Social Media,2023-02-01 00:00:00.000,3,17,185,Social Media
Social Media,2023-02-01 00:00:00.000,4,16,185,Social Media
Social Media,2023-02-01 00:00:00.000,5,19,185,Social Media
Social Media,2023-02-01 00:00:00.000,6,17,185,Social Media
Social Media,2023-02-01 00:00:00.000,7,16,185,Social Media
Social Media,2023-02-01 00:00:00.000,8,18,185,Social Media
Social Media,2023-02-01 00:00:00.000,9,24,185,Social Media
Social Media,2023-02-01 00:00:00.000,10,13,185,Social Media
Social Media,2023-02-01 00:00:00.000,11,28,185,Social Media
Social Media,2023-02-01 00:00:00.000,12,22,185,Social Media
Social Media,2023-02-01 00:00:00.000,13,16,185,Social Media
Social Media,2023-02-01 00:00:00.000,14,20,185,Social Media
Social Media,2023-02-01 00:00:00.000,15,17,185,Social Media
Social Media,2023-02-01 00:00:00.000,16,18,185,Social Media
Social Media,2023-02-01 00:00:00.000,17,23,185,Social Media
Social Media,2023-02-01 00:00:00.000,18,28,185,Social Media
Social Media,2023-02-01 00:00:00.000,19,18,185,Social Media
Social Media,2023-02-01 00:00:00.000,20,30,185,Social Media
Social Media,2023-02-01 00:00:00.000,21,12,185,Social Media
Social Media,2023-02-01 00:00:00.000,22,24,185,Social Media
Social Media,2023-03-01 00:00:00.000,0,30,253,Social Media
Social Media,2023-03-01 00:00:00.000,1,37,253,Social Media
Social Media,2023-03-01 00:00:00.000,2,23,253,Social Media
Social Media,2023-03-01 00:00:00.000,3,24,253,Social Media
Social Media,2023-03-01 00:00:00.000,4,37,253,Social Media
Social Media,2023-03-01 00:00:00.000,5,35,253,Social Media
Social Media,2023-03-01 00:00:00.000,6,37,253,Social Media
Social Media,2023-03-01 00:00:00.000,7,24,253,Social Media
Social Media,2023-03-01 00:00:00.000,8,35,253,Social Media
Social Media,2023-03-01 00:00:00.000,9,36,253,Social Media
Social Media,2023-03-01 00:00:00.000,10,27,253,Social Media
Social Media,2023-03-01 00:00:00.000,11,29,253,Social Media
Social Media,2023-03-01 00:00:00.000,12,23,253,Social Media
Social Media,2023-03-01 00:00:00.000,13,27,253,Social Media
Social Media,2023-03-01 00:00:00.000,14,23,253,Social Media
Social Media,2023-03-01 00:00:00.000,15,30,253,Social Media
Social Media,2023-03-01 00:00:00.000,16,25,253,Social Media
Social Media,2023-03-01 00:00:00.000,17,36,253,Social Media
Social Media,2023-03-01 00:00:00.000,18,23,253,Social Media
Social Media,2023-03-01 00:00:00.000,19,28,253,Social Media
Social Media,2023-03-01 00:00:00.000,20,23,253,Social Media
Social Media,2023-03-01 00:00:00.000,21,17,253,Social Media
Social Media,2023-04-01 00:00:00.000,0,26,218,Social Media
Social Media,2023-04-01 00:00:00.000,1,38,218,Social Media
Social Media,2023-04-01 00:00:00.000,2,21,218,Social Media
Social Media,2023-04-01 00:00:00.000,3,17,218,Social Media
Social Media,2023-04-01 00:00:00.000,4,28,218,Social Media
Social Media,2023-04-01 00:00:00.000,5,22,218,Social Media
Social Media,2023-04-01 00:00:00.000,6,26,218,Social Media
Social Media,2023-04-01 00:00:00.000,7,20,218,Social Media
Social Media,2023-04-01 00:00:00.000,8,29,218,Social Media
Social Media,2023-04-01 00:00:00.000,9,33,218,Social Media
Social Media,2023-04-01 00:00:00.000,10,22,218,Social Media
Social Media,2023-04-01 00:00:00.000,11,14,218,Social Media
Social Media,2023-04-01 00:00:00.000,12,26,218,Social Media
Social Media,2023-04-01 00:00:00.000,13,27,218,Social Media
Social Media,2023-04-01 00:00:00.000,14,23,218,Social Media
Social Media,2023-04-01 00:00:00.000,15,19,218,Social Media
Social Media,2023-04-01 00:00:00.000,16,20,218,Social Media
Social Media,2023-04-01 00:00:00.000,17,25,218,Social Media
Social Media,2023-04-01 00:00:00.000,18,28,218,Social Media
Social Media,2023-04-01 00:00:00.000,19,22,218,Social Media
Social Media,2023-04-01 00:00:00.000,20,26,218,Social Media
Social Media,2023-05-01 00:00:00.000,0,24,229,Social Media
Social Media,2023-05-01 00:00:00.000,1,28,229,Social Media
Social Media,2023-05-01 00:00:00.000,2,32,229,Social Media
Social Media,2023-05-01 00:00:00.000,3,30,229,Social Media
Social Media,2023-05-01 00:00:00.000,4,32,229,Social Media
Social Media,2023-05-01 00:00:00.000,5,20,229,Social Media
Social Media,2023-05-01 00:00:00.000,6,29,229,Social Media
Social Media,2023-05-01 00:00:00.000,7,28,229,Social Media
Social Media,2023-05-01 00:00:00.000,8,28,229,Social Media
Social Media,2023-05-01 00:00:00.000,9,26,229,Social Media
Social Media,2023-05-01 00:00:00.000,10,35,229,Social Media
Social Media,2023-05-01 00:00:00.000,11,28,229,Social Media
Social Media,2023-05-01 00:00:00.000,12,24,229,Social Media
Social Media,2023-05-01 00:00:00.000,13,23,229,Social Media
Social Media,2023-05-01 00:00:00.000,14,43,229,Social Media
Social Media,2023-05-01 00:00:00.000,15,36,229,Social Media
Social Media,2023-05-01 00:00:00.000,16,22,229,Social Media
Social Media,2023-05-01 00:00:00.000,17,33,229,Social Media
Social Media,2023-05-01 00:00:00.000,18,28,229,Social Media
Social Media,2023-05-01 00:00:00.000,19,29,229,Social Media
Social Media,2023-06-01 00:00:00.000,0,19,214,Social Media
Social Media,2023-06-01 00:00:00.000,1,23,214,Social Media
Social Media,2023-06-01 00:00:00.000,2,26,214,Social Media
Social Media,2023-06-01 00:00:00.000,3,23,214,Social Media
Social Media,2023-06-01 00:00:00.000,4,21,214,Social Media
Social Media,2023-06-01 00:00:00.000,5,22,214,Social Media
Social Media,2023-06-01 00:00:00.000,6,19,214,Social Media
Social Media,2023-06-01 00:00:00.000,7,24,214,Social Media
Social Media,2023-06-01 00:00:00.000,8,26,214,Social Media
Social Media,2023-06-01 00:00:00.000,9,24,214,Social Media
Social Media,2023-06-01 00:00:00.000,10,21,214,Social Media
Social Media,2023-06-01 00:00:00.000,11,25,214,Social Media
Social Media,2023-06-01 00:00:00.000,12,18,214,Social Media
Social Media,2023-06-01 00:00:00.000,13,27,214,Social Media
Social Media,2023-06-01 00:00:00.000,14,19,214,Social Media
Social Media,2023-06-01 00:00:00.000,15,29,214,Social Media
Social Media,2023-06-01 00:00:00.000,16,26,214,Social Media
Social Media,2023-06-01 00:00:00.000,17,24,214,Social Media
Social Media,2023-06-01 00:00:00.000,18,32,214,Social Media
Social Media,2023-07-01 00:00:00.000,0,20,202,Social Media
Social Media,2023-07-01 00:00:00.000,1,21,202,Social Media
Social Media,2023-07-01 00:00:00.000,2,22,202,Social Media
Social Media,2023-07-01 00:00:00.000,3,31,202,Social Media
Social Media,2023-07-01 00:00:00.000,4,24,202,Social Media
Social Media,2023-07-01 00:00:00.000,5,21,202,Social Media
Social Media,2023-07-01 00:00:00.000,6,21,202,Social Media
Social Media,2023-07-01 00:00:00.000,7,24,202,Social Media
Social Media,2023-07-01 00:00:00.000,8,30,202,Social Media
Social Media,2023-07-01 00:00:00.000,9,23,202,Social Media
Social Media,2023-07-01 00:00:00.000,10,27,202,Social Media
Social Media,2023-07-01 00:00:00.000,11,21,202,Social Media
Social Media,2023-07-01 00:00:00.000,12,22,202,Social Media
Social Media,2023-07-01 00:00:00.000,13,19,202,Social Media
Social Media,2023-07-01 00:00:00.000,14,25,202,Social Media
Social Media,2023-07-01 00:00:00.000,15,25,202,Social Media
Social Media,2023-07-01 00:00:00.000,16,22,202,Social Media
Social Media,2023-07-01 00:00:00.000,17,21,202,Social Media
Social Media,2023-08-01 00:00:00.000,0,24,222,Social Media
Social Media,2023-08-01 00:00:00.000,1,27,222,Social Media
Social Media,2023-08-01 00:00:00.000,2,21,222,Social Media
Social Media,2023-08-01 00:00:00.000,3,23,222,Social Media
Social Media,2023-08-01 00:00:00.000,4,14,222,Social Media
Social Media,2023-08-01 00:00:00.000,5,27,222,Social Media
Social Media,2023-08-01 00:00:00.000,6,16,222,Social Media
Social Media,2023-08-01 00:00:00.000,7,27,222,Social Media
Social Media,2023-08-01 00:00:00.000,8,30,222,Social Media
Social Media,2023-08-01 00:00:00.000,9,19,222,Social Media
Social Media,2023-08-01 00:00:00.000,10,29,222,Social Media
Social Media,2023-08-01 00:00:00.000,11,28,222,Social Media
Social Media,2023-08-01 00:00:00.000,12,30,222,Social Media
Social Media,2023-08-01 00:00:00.000,13,31,222,Social Media
Social Media,2023-08-01 00:00:00.000,14,34,222,Social Media
Social Media,2023-08-01 00:00:00.000,15,41,222,Social Media
Social Media,2023-08-01 00:00:00.000,16,27,222,Social Media
Social Media,2023-09-01 00:00:00.000,0,37,226,Social Media
Social Media,2023-09-01 00:00:00.000,1,27,226,Social Media
Social Media,2023-09-01 00:00:00.000,2,25,226,Social Media
Social Media,2023-09-01 00:00:00.000,3,24,226,Social Media
Social Media,2023-09-01 00:00:00.000,4,21,226,Social Media
Social Media,2023-09-01 00:00:00.000,5,21,226,Social Media
Social Media,2023-09-01 00:00:00.000,6,28,226,Social Media
Social Media,2023-09-01 00:00:00.000,7,21,226,Social Media
Social Media,2023-09-01 00:00:00.000,8,31,226,Social Media
Social Media,2023-09-01 00:00:00.000,9,23,226,Social Media
Social Media,2023-09-01 00:00:00.000,10,20,226,Social Media
Social Media,2023-09-01 00:00:00.000,11,26,226,Social Media
Social Media,2023-09-01 00:00:00.000,12,30,226,Social Media
Social Media,2023-09-01 00:00:00.000,13,24,226,Social Media
Social Media,2023-09-01 00:00:00.000,14,26,226,Social Media
Social Media,2023-09-01 00:00:00.000,15,19,226,Social Media
Social Media,2023-10-01 00:00:00.000,0,29,217,Social Media
Social Media,2023-10-01 00:00:00.000,1,25,217,Social Media
Social Media,2023-10-01 00:00:00.000,2,27,217,Social Media
Social Media,2023-10-01 00:00:00.000,3,18,217,Social Media
Social Media,2023-10-01 00:00:00.000,4,26,217,Social Media
Social Media,2023-10-01 00:00:00.000,5,26,217,Social Media
Social Media,2023-10-01 00:00:00.000,6,21,217,Social Media
Social Media,2023-10-01 00:00:00.000,7,23,217,Social Media
Social Media,2023-10-01 00:00:00.000,8,26,217,Social Media
Social Media,2023-10-01 00:00:00.000,9,16,217,Social Media
Social Media,2023-10-01 00:00:00.000,10,21,217,Social Media
Social Media,2023-10-01 00:00:00.000,11,23,217,Social Media
Social Media,2023-10-01 00:00:00.000,12,18,217,Social Media
Social Media,2023-10-01 00:00:00.000,13,30,217,Social Media
Social Media,2023-10-01 00:00:00.000,14,17,217,Social Media
Social Media,2023-11-01 00:00:00.000,0,23,226,Social Media
Social Media,2023-11-01 00:00:00.000,1,24,226,Social Media
Social Media,2023-11-01 00:00:00.000,2,29,226,Social Media
Social Media,2023-11-01 00:00:00.000,3,26,226,Social Media
Social Media,2023-11-01 00:00:00.000,4,17,226,Social Media
Social Media,2023-11-01 00:00:00.000,5,19,226,Social Media
Social Media,2023-11-01 00:00:00.000,6,32,226,Social Media
Social Media,2023-11-01 00:00:00.000,7,25,226,Social Media
Social Media,2023-11-01 00:00:00.000,8,26,226,Social Media
Social Media,2023-11-01 00:00:00.000,9,23,226,Social Media
Social Media,2023-11-01 00:00:00.000,10,22,226,Social Media
Social Media,2023-11-01 00:00:00.000,11,29,226,Social Media
Social Media,2023-11-01 00:00:00.000,12,19,226,Social Media
Social Media,2023-11-01 00:00:00.000,13,26,226,Social Media
Social Media,2023-12-01 00:00:00.000,0,20,188,Social Media
Social Media,2023-12-01 00:00:00.000,1,11,188,Social Media
Social Media,2023-12-01 00:00:00.000,2,22,188,Social Media
Social Media,2023-12-01 00:00:00.000,3,19,188,Social Media
Social Media,2023-12-01 00:00:00.000,4,18,188,Social Media
Social Media,2023-12-01 00:00:00.000,5,28,188,Social Media
Social Media,2023-12-01 00:00:00.000,6,15,188,Social Media
Social Media,2023-12-01 00:00:00.000,7,16,188,Social Media
Social Media,2023-12-01 00:00:00.000,8,21,188,Social Media
Social Media,2023-12-01 00:00:00.000,9,17,188,Social Media
Social Media,2023-12-01 00:00:00.000,10,22,188,Social Media
Social Media,2023-12-01 00:00:00.000,11,23,188,Social Media
Social Media,2023-12-01 00:00:00.000,12,23,188,Social Media
Social Media,2024-01-01 00:00:00.000,0,30,213,Social Media
Social Media,2024-01-01 00:00:00.000,1,23,213,Social Media
Social Media,2024-01-01 00:00:00.000,2,25,213,Social Media
Social Media,2024-01-01 00:00:00.000,3,21,213,Social Media
Social Media,2024-01-01 00:00:00.000,4,25,213,Social Media
Social Media,2024-01-01 00:00:00.000,5,19,213,Social Media
Social Media,2024-01-01 00:00:00.000,6,28,213,Social Media
Social Media,2024-01-01 00:00:00.000,7,31,213,Social Media
Social Media,2024-01-01 00:00:00.000,8,25,213,Social Media
Social Media,2024-01-01 00:00:00.000,9,24,213,Social Media
Social Media,2024-01-01 00:00:00.000,10,18,213,Social Media
Social Media,2024-01-01 00:00:00.000,11,28,213,Social Media
Social Media,2024-02-01 00:00:00.000,0,27,221,Social Media
Social Media,2024-02-01 00:00:00.000,1,29,221,Social Media
Social Media,2024-02-01 00:00:00.000,2,25,221,Social Media
Social Media,2024-02-01 00:00:00.000,3,24,221,Social Media
Social Media,2024-02-01 00:00:00.000,4,23,221,Social Media
Social Media,2024-02-01 00:00:00.000,5,21,221,Social Media
Social Media,2024-02-01 00:00:00.000,6,26,221,Social Media
Social Media,2024-02-01 00:00:00.000,7,25,221,Social Media
Social Media,2024-02-01 00:00:00.000,8,21,221,Social Media
Social Media,2024-02-01 00:00:00.000,9,21,221,Social Media
Social Media,2024-02-01 00:00:00.000,10,23,221,Social Media
Social Media,2024-03-01 00:00:00.000,0,22,205,Social Media
Social Media,2024-03-01 00:00:00.000,1,22,205,Social Media
Social Media,2024-03-01 00:00:00.000,2,20,205,Social Media
Social Media,2024-03-01 00:00:00.000,3,30,205,Social Media
Social Media,2024-03-01 00:00:00.000,4,20,205,Social Media
Social Media,2024-03-01 00:00:00.000,5,28,205,Social Media
Social Media,2024-03-01 00:00:00.000,6,32,205,Social Media
Social Media,2024-03-01 00:00:00.000,7,22,205,Social Media
Social Media,2024-03-01 00:00:00.000,8,18,205,Social Media
Social Media,2024-03-01 00:00:00.000,9,25,205,Social Media
Social Media,2024-04-01 00:00:00.000,0,15,204,Social Media
Social Media,2024-04-01 00:00:00.000,1,24,204,Social Media
Social Media,2024-04-01 00:00:00.000,2,21,204,Social Media
Social Media,2024-04-01 00:00:00.000,3,21,204,Social Media
Social Media,2024-04-01 00:00:00.000,4,18,204,Social Media
Social Media,2024-04-01 00:00:00.000,5,20,204,Social Media
Social Media,2024-04-01 00:00:00.000,6,22,204,Social Media
Social Media,2024-04-01 00:00:00.000,7,22,204,Social Media
Social Media,2024-04-01 00:00:00.000,8,15,204,Social Media
Social Media,2024-05-01 00:00:00.000,0,21,233,Social Media
Social Media,2024-05-01 00:00:00.000,1,25,233,Social Media
Social Media,2024-05-01 00:00:00.000,2,27,233,Social Media
Social Media,2024-05-01 00:00:00.000,3,30,233,Social Media
Social Media,2024-05-01 00:00:00.000,4,24,233,Social Media
Social Media,2024-05-01 00:00:00.000,5,28,233,Social Media
Social Media,2024-05-01 00:00:00.000,6,15,233,Social Media
Social Media,2024-05-01 00:00:00.000,7,29,233,Social Media
Social Media,2024-06-01 00:00:00.000,0,27,195,Social Media
Social Media,2024-06-01 00:00:00.000,1,17,195,Social Media
Social Media,2024-06-01 00:00:00.000,2,23,195,Social Media
Social Media,2024-06-01 00:00:00.000,3,20,195,Social Media
Social Media,2024-06-01 00:00:00.000,4,20,195,Social Media
Social Media,2024-06-01 00:00:00.000,5,20,195,Social Media
Social Media,2024-06-01 00:00:00.000,6,23,195,Social Media
Social Media,2024-07-01 00:00:00.000,0,26,247,Social Media
Social Media,2024-07-01 00:00:00.000,1,25,247,Social Media
Social Media,2024-07-01 00:00:00.000,2,27,247,Social Media
Social Media,2024-07-01 00:00:00.000,3,31,247,Social Media
Social Media,2024-07-01 00:00:00.000,4,30,247,Social Media
Social Media,2024-07-01 00:00:00.000,5,24,247,Social Media
Social Media,2024-08-01 00:00:00.000,0,36,250,Social Media
Social Media,2024-08-01 00:00:00.000,1,30,250,Social Media
Social Media,2024-08-01 00:00:00.000,2,26,250,Social Media
Social Media,2024-08-01 00:00:00.000,3,31,250,Social Media
Social Media,2024-08-01 00:00:00.000,4,36,250,Social Media
Social Media,2024-09-01 00:00:00.000,0,23,214,Social Media
Social Media,2024-09-01 00:00:00.000,1,25,214,Social Media
Social Media,2024-09-01 00:00:00.000,2,28,214,Social Media
Social Media,2024-09-01 00:00:00.000,3,17,214,Social Media
Social Media,2024-10-01 00:00:00.000,0,29,237,Social Media
Social Media,2024-10-01 00:00:00.000,1,33,237,Social Media
Social Media,2024-10-01 00:00:00.000,2,29,237,Social Media
Social Media,2024-11-01 00:00:00.000,0,16,209,Social Media
Social Media,2024-11-01 00:00:00.000,1,22,209,Social Media
Social Media,2024-12-01 00:00:00.000,0,18,233,Social Media
